<?xml version="1.0" encoding="UTF-8"?>
<project-private xmlns="http://www.netbeans.org/ns/project-private/1">
    <editor-bookmarks xmlns="http://www.netbeans.org/ns/editor-bookmarks/2" lastBookmarkId="0"/>
    <open-files xmlns="http://www.netbeans.org/ns/projectui-open-files/2">
        <group>
            <file>file:/home/gaofeng/Videos/aed_Trabalho_n2/src/aed_trabalho_n2/Main.java</file>
            <file>file:/home/gaofeng/Videos/aed_Trabalho_n2/src/aed_trabalho_n2/Baralho.java</file>
        </group>
    </open-files>
</project-private>
